EVD_level,SDD_level,Skew_level,PA1,OA1,PA2,OA2,PB1,OB1,PB2,OB2,EVA,EVB,EVD,SDA,SDB,SDD,SkewA,SkewB
-20,25.0,A > 1.5 & B < -1.5,0.07,143,0.93,7,0.89,40,0.11,9,16.52,36.59,-20.07,34.7,9.69958246524045,25.0,3.371,-2.493
-20,35.0,A > 1.5 & B < -1.5,0.15,142,0.85,24,0.91,64,0.09,39,41.7,61.75,-20.05,42.134,7.1545440106270926,34.98,1.96,-2.865
-20,45.0,A > 1.5 & B < -1.5,0.15,148,0.85,7,0.89,50,0.11,33,28.15,48.13,-19.98,50.347,5.319125868035085,45.028,1.96,-2.493
-20,25.0,A < -1.5 & B > 1.5,0.82,93,0.18,2,0.2,115,0.8,92,76.62,96.6,-19.98,34.961,9.2,25.761,-1.666,1.5
-20,35.0,A < -1.5 & B > 1.5,0.81,110,0.19,3,0.06,137,0.94,108,89.67,109.74,-20.07,41.976,6.887118410481992,35.089,-1.58,3.705
-20,45.0,A < -1.5 & B > 1.5,0.81,130,0.19,7,0.03,146,0.97,126,106.63,126.6,-19.97,48.253,3.411744421846396,44.841,-1.58,5.51
-20,25.0,both near 0,0.6,75,0.4,4,0.43,78,0.57,58,46.6,66.6,-20.0,34.783,9.90151503558925,24.881,-0.408,0.283
-20,35.0,both near 0,0.39,102,0.61,13,0.45,77,0.55,60,47.71,67.65,-19.94,43.41,8.45739321540627,34.952,0.451,0.201
-20,45.0,both near 0,0.56,120,0.44,18,0.61,99,0.39,89,75.12,95.1,-19.98,50.631,4.877499359302879,45.754,-0.242,-0.451
-10,25.0,A > 1.5 & B < -1.5,0.17,148,0.83,70,0.85,95,0.15,83,83.26,93.2,-9.94,29.299,4.28485705712571,25.015,1.757,-1.96
-10,35.0,A > 1.5 & B < -1.5,0.12,147,0.88,11,0.8,42,0.2,19,27.32,37.4,-10.08,44.195,9.2,34.995,2.339,-1.5
-10,45.0,A > 1.5 & B < -1.5,0.17,149,0.83,18,0.98,51,0.02,20,40.27,50.38,-10.11,49.208,4.34,44.868,1.757,-6.857
-10,25.0,A < -1.5 & B > 1.5,0.8,99,0.2,20,0.04,126,0.96,92,83.2,93.36,-10.16,31.6,6.662612100370245,24.937,-1.5,4.695
-10,35.0,A < -1.5 & B > 1.5,0.85,117,0.15,5,0.05,133,0.95,109,100.2,110.2,-10.0,39.992,5.230678732248808,34.761,-1.96,4.129
-10,45.0,A < -1.5 & B > 1.5,0.81,143,0.19,17,0.07,144,0.93,128,119.06,129.12,-10.06,49.43,4.082352263095384,45.348,-1.58,3.371
-10,25.0,both near 0,0.45,110,0.55,40,0.62,89,0.38,69,71.5,81.4,-9.9,34.825,9.707728879609276,25.117,0.201,-0.494
-10,35.0,both near 0,0.38,131,0.62,44,0.4,96,0.6,81,77.06,87.0,-9.94,42.229,7.3484692283495345,34.88,0.494,0.408
-10,45.0,both near 0,0.59,130,0.41,28,0.38,105,0.62,94,88.18,98.18,-10.0,50.167,5.339250883785103,44.828,-0.366,0.494
0,25.0,A > 1.5 & B < -1.5,0.06,130,0.94,13,0.89,21,0.11,12,20.02,20.01,0.01,27.786,2.816007812489163,24.97,3.705,-2.493
0,35.0,A > 1.5 & B < -1.5,0.19,130,0.81,33,0.98,52,0.02,29,51.43,51.54,-0.11,38.053,3.22,34.833,1.58,-6.857
0,45.0,A > 1.5 & B < -1.5,0.17,148,0.83,15,0.92,39,0.08,21,37.61,37.56,0.05,49.959,4.883277587850193,45.076,1.757,-3.096
0,25.0,A < -1.5 & B > 1.5,0.88,109,0.12,4,0.06,132,0.94,94,96.4,96.28,0.12,34.121,9.024499986148818,25.096,-2.339,3.705
0,35.0,A < -1.5 & B > 1.5,0.89,146,0.11,15,0.16,145,0.84,129,131.59,131.56,0.03,40.989,5.865696889543476,35.123,-2.493,1.855
0,45.0,A < -1.5 & B > 1.5,0.8,136,0.2,9,0.07,131,0.93,109,110.6,110.54,0.06,50.8,5.613234361756152,45.187,-1.5,3.371
0,25.0,both near 0,0.38,97,0.62,28,0.57,62,0.43,44,54.22,54.26,-0.04,33.492,8.911363532030325,24.58,0.494,-0.283
0,35.0,both near 0,0.6,116,0.4,25,0.45,90,0.55,71,79.6,79.55,0.05,44.581,9.45238065251289,35.128,-0.408,0.201
0,45.0,both near 0,0.44,136,0.56,27,0.39,86,0.61,68,74.96,75.02,-0.06,54.106,8.779498846745183,45.327,0.242,0.451
10,25.0,A > 1.5 & B < -1.5,0.16,123,0.84,42,0.96,46,0.04,22,54.96,45.04,9.92,29.695,4.703020306143702,24.992,1.855,-4.695
10,35.0,A > 1.5 & B < -1.5,0.16,134,0.84,23,0.95,32,0.05,6,40.76,30.7,10.06,40.693,5.666568626602875,35.027,1.855,-4.129
10,45.0,A > 1.5 & B < -1.5,0.2,143,0.8,26,0.93,40,0.07,31,49.4,39.37,10.03,46.8,2.296323147991153,44.504,1.5,-3.371
10,25.0,A < -1.5 & B > 1.5,0.92,135,0.08,25,0.17,127,0.83,114,126.2,116.21,9.99,29.842,4.883226392458167,24.959,-3.096,1.757
10,35.0,A < -1.5 & B > 1.5,0.87,123,0.13,2,0.04,125,0.96,96,107.27,97.16,10.11,40.693,5.682816203256974,35.01,-2.2,4.695
10,45.0,A < -1.5 & B > 1.5,0.81,144,0.19,18,0.17,120,0.83,108,120.06,110.04,10.02,49.43,4.507593593038307,44.922,-1.58,1.757
10,25.0,both near 0,0.55,126,0.45,62,0.59,93,0.41,79,97.2,87.26,9.94,31.84,6.885666271320445,24.954,-0.201,-0.366
10,35.0,both near 0,0.59,104,0.41,28,0.57,65,0.43,60,72.84,62.85,9.99,37.379,2.4753787588973126,34.904,-0.366,-0.283
10,45.0,both near 0,0.43,105,0.57,6,0.4,44,0.6,35,48.57,38.6,9.97,49.012,4.409081537009721,44.603,0.283,0.408
20,25.0,A > 1.5 & B < -1.5,0.2,114,0.8,27,0.82,29,0.18,4,44.4,24.5,19.9,34.8,9.604686356149273,25.195,1.5,-1.666
20,35.0,A > 1.5 & B < -1.5,0.2,109,0.8,12,0.82,13,0.18,4,31.4,11.38,20.02,38.8,3.4576870882137385,35.342,1.5,-1.666
20,45.0,A > 1.5 & B < -1.5,0.19,135,0.81,9,0.83,15,0.17,3,32.94,12.96,19.98,49.43,4.507593593038308,44.922,1.58,-1.757
20,25.0,A < -1.5 & B > 1.5,0.8,114,0.2,28,0.14,100,0.86,73,96.8,76.78,20.02,34.4,9.368649849364637,25.031,-1.5,2.075
20,35.0,A < -1.5 & B > 1.5,0.83,122,0.17,15,0.02,120,0.98,83,103.81,83.74,20.07,40.193,5.180000000000001,35.013,-1.757,6.857
20,45.0,A < -1.5 & B > 1.5,0.81,149,0.19,14,0.08,130,0.92,101,123.35,103.32,20.03,52.961,7.867502780425311,45.093,-1.58,3.096
20,25.0,both near 0,0.56,123,0.44,54,0.4,84,0.6,65,92.64,72.6,20.04,34.251,9.308061022576076,24.943,-0.242,0.408
20,35.0,both near 0,0.4,120,0.6,35,0.62,54,0.38,41,69.0,49.06,19.94,41.641,6.310023771746031,35.331,0.408,-0.494
20,45.0,both near 0,0.45,108,0.55,6,0.57,37,0.43,25,51.9,31.84,20.06,50.744,5.940909021353551,44.803,0.201,-0.283
20,,catch,0.45,46,0.55,23,0.41,26,0.59,3,33.35,12.43,20.92,11.442,11.312,0.13,0.201,0.366
20,,catch,0.68,101,0.32,77,0.64,81,0.36,57,93.32,72.36,20.96,11.195,11.52,-0.325,-0.772,-0.583
-20,,catch,0.61,76,0.39,53,0.65,96,0.35,73,67.03,87.95,-20.92,11.218,10.97,0.248,-0.451,-0.629
-20,,catch,0.41,35,0.59,11,0.45,55,0.55,31,20.84,41.8,-20.96,11.804,11.94,-0.136,0.366,0.201
